=== Running Action Enumeration Agent ===
===== Reasoning =====
# Reasoning

Analyzing the three kernel templates (matmul, 2D convolution, and generic element-wise with linalg), I must identify compiler optimization opportunities that are broadly applicable across these compute-intensive loop-nest kernels on the target CPU (Intel Xeon Broadwell: 28 cores, AVX2, no AVX-512, NUMA-aware).

## Key Observations

1. **Matmul (I×J·J×K→I×K)**: Classic 3D loop nest with reduction dimension (J). Highly amenable to blocking/tiling for cache locality, register-level reuse, and outer-loop parallelization.

2. **2D Convolution (N×C×H×W kernel F×C×KH×KW)**: Decomposes into nested loops over batch, output spatial dims, filter count, input spatial dims, and channels. Can be lowered to matmul-like loop nests (im2col) or optimized directly via tiling and fusion.

3. **Generic linalg**: 5D element-wise operation with all-parallel iterator types. Memory-bound but benefits from SIMD, cache-aware iteration, and parallelization.

## Target Hardware Constraints

- **28 cores, 2 NUMA nodes**: coarse-grain parallelization is critical; avoid oversubscription.
- **AVX2 (256-bit SIMD)**: FP64 → 4 lanes/vector; FP32 → 8 lanes/vector.
- **Cache hierarchy (L1/L2/L3)**: multi-level tiling essential for reuse and bandwidth.
- **No SMT**: each thread is a full core; synchronization costs are non-trivial.

## Primary Optimization Intents

For loop-nest dominated kernels on this CPU, three high-impact intents emerge:

### Intent 1: **Cache-Aware Data Reuse & Locality**
Loop nests have nested memory access patterns with varying stride/reuse. Multi-level tiling (L1, L2, L3-aware) is a canonical, high-impact transformation. This intent captures **blocking and permutation** to reshape iteration space for spatial/temporal locality.

### Intent 2: **Vectorization & SIMD Exposure**
Modern CPUs require explicit vectorization to achieve peak arithmetic throughput. The iteration space and memory strides must be restructured to align with vector width (4–8 lanes for FP64/FP32 on AVX2). Includes both **innermost-loop vectorization** and **data layout / packing** to enable contiguous SIMD loads.

### Intent 3: **Parallelization & Work Distribution**
Multi-core CPUs benefit from explicit loop-level parallelism. Outer loops (especially parallel iterations) must be distributed across cores while respecting NUMA and avoiding contention. This includes **coarse-grain outer-loop parallelization**, **work distribution strategies**, and **synchronization** minimization.

---

# Output (JSON)
=== Action Enumeration Agent Response ===
{'intents': [{'description': 'Restructure iteration space via multi-level loop '
                             'blocking/tiling to improve temporal and spatial '
                             'locality, reduce memory bandwidth, and maximize '
                             'L1/L2/L3 cache utilization.',
              'name': 'Cache-Aware Data Reuse & Locality',
              'priority': 'high',
              'rationale': 'Loop nests exhibit complex reuse patterns across '
                           'iteration dimensions. Multi-level tiling (e.g., '
                           'L3-tile → L2-tile → L1-tile) directly reduces '
                           'cache misses and memory stalls, which dominate '
                           'execution time on CPU. For matmul and convolution, '
                           'this is the single highest-impact optimization on '
                           'Broadwell hardware.',
              'transformations': [{'action_template': 'Tiling(tile_sizes) OR '
                                                      'Tiling(loop_band, '
                                                      'tile_sizes) — '
                                                      'tile_sizes is a vector '
                                                      'where each element is '
                                                      'the block size for a '
                                                      'loop; 0 means no tiling '
                                                      'for that dimension.',
                                   'description': 'Partition iteration space '
                                                  'into rectangular blocks '
                                                  '(tiles) over one or more '
                                                  'loop bands, creating nested '
                                                  'loop structure that fits '
                                                  'working set into target '
                                                  'cache level.',
                                   'name': 'Tiling',
                                   'rationale': 'Tiling is fundamental for '
                                                'cache locality. By blocking '
                                                'computations into '
                                                'cache-friendly chunk sizes, '
                                                'reuse distance shortens and '
                                                'fewer loads/stores escape to '
                                                'memory. Essential for matmul '
                                                '(tile for I,K reuse in L1; J '
                                                'in L2), convolution (tile '
                                                'spatial and filter '
                                                'dimensions), and generic '
                                                'kernels (tile over iteration '
                                                'dimensions to fit in cache).'},
                                  {'action_template': 'LoopInterchange(loop_band, '
                                                      'permutation) OR '
                                                      'LoopInterchangeSwap(loop_indices) '
                                                      '— permutation is a '
                                                      'reordering of loop '
                                                      'positions; indices '
                                                      'identify '
                                                      'adjacent/selected loops '
                                                      'to swap.',
                                   'description': 'Permute the order of nested '
                                                  'loops to improve memory '
                                                  'access patterns, enable '
                                                  'vectorization, or expose '
                                                  'parallelism.',
                                   'name': 'Loop Interchange',
                                   'rationale': 'Loop order dramatically '
                                                'affects stride and reuse. For '
                                                'example, interchanging to '
                                                'align innermost loop with '
                                                'unit stride enables '
                                                'vectorization. Swapping outer '
                                                'loops exposes parallelizable '
                                                'iterations earlier. In '
                                                'matmul, J (reduction) '
                                                'interchanged closer to '
                                                'innermost enables vectorized '
                                                'dot products.'},
                                  {'action_template': 'Packing(target_tensor, '
                                                      'layout_spec) OR '
                                                      'PackingWithTile(loop_band, '
                                                      'pack_size) — '
                                                      'layout_spec describes '
                                                      'desired memory order or '
                                                      'contiguity; pack_size '
                                                      'specifies block '
                                                      'granularity for '
                                                      'reorganization.',
                                   'description': 'Restructure data layout or '
                                                  'insert explicit packing '
                                                  'kernels to regularize '
                                                  'memory access patterns, '
                                                  'e.g., to convert irregular '
                                                  'strides into contiguous '
                                                  'blocks.',
                                   'name': 'Packing / Layout Transformation',
                                   'rationale': 'Some access patterns (e.g., '
                                                'in matmul B matrix, '
                                                'convolution filter layout) '
                                                'may have poor stride. Packing '
                                                'densifies and aligns data in '
                                                'memory, enabling efficient '
                                                'vector loads and reducing '
                                                'prefetch overhead. '
                                                'Conceptually inseparable from '
                                                'tiling in high-performance '
                                                'libraries.'}]},
             {'description': 'Restructure computation to expose vector '
                             'operations, align data access to SIMD widths, '
                             'and enable hardware vector instructions (AVX2 on '
                             'Broadwell).',
              'name': 'Vectorization & SIMD Exposure',
              'priority': 'high',
              'rationale': 'Scalar code leaves ~4–8× arithmetic throughput on '
                           'the table (AVX2, 4–8 lanes). Vectorization '
                           'requires: (1) innermost loop with unit stride, (2) '
                           'data alignment, and (3) absence of loop-carried '
                           'dependencies. Modern CPUs (Broadwell) achieve 2–3 '
                           'FMA/cycle per core; vectorization is essential for '
                           'utilization. Convolution and matmul have strong '
                           'vectorization opportunities; generic element-wise '
                           'operations are highly vectorizable.',
              'transformations': [{'action_template': 'Vectorization(target_loop, '
                                                      'vector_width) OR '
                                                      'Vectorization(loop_band, '
                                                      'vector_width) — '
                                                      'target_loop is the loop '
                                                      'to vectorize (typically '
                                                      'innermost); '
                                                      'vector_width is the '
                                                      'number of SIMD lanes (4 '
                                                      'for FP64, 8 for FP32 on '
                                                      'AVX2).',
                                   'description': 'Transform a scalar loop '
                                                  'into vector operations by '
                                                  'exposing data parallelism '
                                                  'and generating SIMD '
                                                  'instructions at a chosen '
                                                  'vector width.',
                                   'name': 'Vectorization',
                                   'rationale': 'Vectorization maps scalar '
                                                'operations to SIMD '
                                                'instructions (e.g., FP64 add '
                                                '→ PADDQ on AVX2). Requires '
                                                'innermost loop with unit '
                                                'stride and no reduction '
                                                'across lanes. Typical '
                                                'targets: innermost '
                                                'spatial/element loops in '
                                                'convolution and matmul; all '
                                                'parallel loops in generic '
                                                'element-wise kernels.'},
                                  {'action_template': 'Unrolling(target_loop, '
                                                      'unroll_factor) OR '
                                                      'Unrolling(loop_band, '
                                                      'unroll_factor) — '
                                                      'unroll_factor is the '
                                                      'number of iterations to '
                                                      'unroll (typically 2–8).',
                                   'description': 'Replicate loop body '
                                                  'multiple times (unroll '
                                                  'factor) to increase '
                                                  'instruction-level '
                                                  'parallelism and amortize '
                                                  'loop overhead.',
                                   'name': 'Unrolling',
                                   'rationale': 'Unrolling exposes more '
                                                'independent operations to '
                                                'superscalar execution, hiding '
                                                'latency of FMA chains and '
                                                'memory operations. On '
                                                'Broadwell, unroll factors of '
                                                '2–4 are typical before '
                                                'register pressure becomes '
                                                'limiting. Especially '
                                                'beneficial for reduction '
                                                'loops (matmul J dimension) '
                                                'where latency-hiding is '
                                                'critical.'},
                                  {'action_template': 'DataLayoutTransform(target_tensor, '
                                                      'alignment_bytes) OR '
                                                      'ContiguityReduction(loop_band, '
                                                      'innermost_stride_target) '
                                                      '— alignment_bytes '
                                                      'specifies required '
                                                      'boundary; stride_target '
                                                      'indicates desired unit '
                                                      'stride.',
                                   'description': 'Ensure tensors are stored '
                                                  'in memory layouts that '
                                                  'enable efficient vector '
                                                  'loads (contiguous, properly '
                                                  'aligned).',
                                   'name': 'Data Layout & Alignment',
                                   'rationale': 'SIMD loads require aligned, '
                                                'contiguous data. If tensors '
                                                'have poor stride or '
                                                'misaligned base addresses, '
                                                'vector loads stall or require '
                                                'gather operations '
                                                '(expensive). Alignment to 64B '
                                                'cache-line or vector width '
                                                '(32B for AVX2) is '
                                                'target-dependent. '
                                                'Particularly important for '
                                                'convolution filter layout and '
                                                'matmul B matrix.'}]},
             {'description': 'Expose and distribute loop-level parallelism '
                             'across multiple CPU cores, respecting NUMA '
                             'topology and minimizing synchronization '
                             'overhead.',
              'name': 'Parallelization & Work Distribution',
              'priority': 'high',
              'rationale': 'The target CPU has 28 cores across 2 NUMA nodes. '
                           'Loop-level parallelism must be explicitly '
                           'extracted (e.g., via parallel loops or '
                           'work-stealing) and distributed to achieve '
                           'multi-core speedup. Naive parallelization without '
                           'locality awareness or excessive synchronization '
                           'can cause severe slowdown. For matmul, outer loops '
                           "(I, K) are parallelizable; convolution's "
                           'batch/filter/output-spatial dimensions are '
                           'naturally parallel; generic kernels have '
                           'all-parallel iterators.',
              'transformations': [{'action_template': 'Parallelization(loop_band, '
                                                      'scheduling_strategy) OR '
                                                      'ParallelizeLoop(target_loop) '
                                                      '— scheduling_strategy '
                                                      'is optional (static, '
                                                      'dynamic, guided); '
                                                      'target_loop identifies '
                                                      'which loop band to '
                                                      'parallelize.',
                                   'description': 'Annotate or restructure '
                                                  'parallel loops to enable '
                                                  'multi-threaded execution, '
                                                  'distributing work across '
                                                  'CPU cores.',
                                   'name': 'Parallelization',
                                   'rationale': 'Parallel loops (especially '
                                                'outer, coarse-grain loops) '
                                                'directly map to thread-level '
                                                'work. MLIR/LLVM can lower '
                                                'parallel annotations (e.g., '
                                                'scf.parallel or omp.parallel) '
                                                'to threading libraries '
                                                '(OpenMP, pthreads). Essential '
                                                'for scaling beyond '
                                                'single-core performance. '
                                                'Matmul I,K loops; convolution '
                                                'batch/filter/spatial loops; '
                                                'all dimensions in generic '
                                                'kernels.'},
                                  {'action_template': 'WorkDistribution(loop_band, '
                                                      'schedule_type) — '
                                                      'schedule_type is one '
                                                      'of: static, dynamic, '
                                                      'guided, or '
                                                      'guided_with_chunk_size.',
                                   'description': 'Choose and apply a '
                                                  'work-distribution strategy '
                                                  '(static, dynamic, guided) '
                                                  'for parallel loops to '
                                                  'balance load and minimize '
                                                  'synchronization.',
                                   'name': 'Work Distribution & Scheduling',
                                   'rationale': 'Poor work distribution causes '
                                                'load imbalance and '
                                                'synchronization bottlenecks. '
                                                'Static scheduling (equal '
                                                'blocks per thread) is '
                                                'low-overhead but can '
                                                'imbalance if iterations have '
                                                'variable cost. Dynamic/guided '
                                                'scheduling adapts but adds '
                                                'overhead. On 28-core '
                                                'Broadwell, outer-loop static '
                                                'distribution is typical '
                                                'unless iterations have highly '
                                                'variable cost.'},
                                  {'action_template': 'Prefetching(target_loop, '
                                                      'prefetch_hint) — '
                                                      'prefetch_hint describes '
                                                      'data streams to '
                                                      'prefetch (e.g., next '
                                                      "iteration's input data, "
                                                      "next tile's working "
                                                      'set).',
                                   'description': 'Insert hints or explicit '
                                                  'prefetch operations to '
                                                  'improve memory subsystem '
                                                  'efficiency, reducing load '
                                                  'latency and cache misses.',
                                   'name': 'Prefetching & Memory Optimization',
                                   'rationale': 'On Broadwell, L2/L3 load '
                                                'latency is ~5–20 cycles. '
                                                'Prefetching (software or '
                                                'hardware-assisted) can hide '
                                                'latency by bringing data to '
                                                'cache before use. '
                                                'Particularly valuable in '
                                                'memory-bound phases (e.g., '
                                                'convolution input/output '
                                                'traversal). Layer 2 will '
                                                'define specific prefetch '
                                                'strategy and applicability '
                                                'constraints.'}]}]}
=== Response saved to: llm_action/results/runs/6c316119/action_enumeration ===
=== Running Action Implementation Agent ===
--- Implementing Cache-Aware Data Reuse & Locality Actions ---
=== Implementation Agent Response for Tiling Action ===
===== Reasoning =====
I'll implement the **Tiling** transformation as a reusable RL action. This is a fundamental optimization for cache-aware data reuse and locality improvement.

Let me start by understanding the Transform dialect operations available and then synthesizing a robust, parameterized tiling action.I'll retrieve the documentation for the tiling operations in the Transform dialect.### `transform.structured.tile_using_for` (transform::TileUsingForOp) [¶](#transformstructuredtile_using_for-transformtileusingforop)

`transform.structured.tile_using_for`
[¶](#transformstructuredtile_using_for-transformtileusingforop)

Syntax:

```
operation ::= `transform.structured.tile_using_for` $target
              `tile_sizes` custom<DynamicIndexList>(
              $dynamic_sizes,
              $static_sizes,
              $scalable_sizes)
              (`interchange` `=` $interchange^)?
              attr-dict
              `:` functional-type(operands, results)
```

`` operation ::= `transform.structured.tile_using_for` $target
`tile_sizes` custom<DynamicIndexList>(
$dynamic_sizes,
$static_sizes,
$scalable_sizes)
(`interchange` `=` $interchange^)?
attr-dict
`:` functional-type(operands, results) ``

Indicates that the given `target` op should be tiled with the given sizes.
This transform generates a loop nest with a smaller (“tiled”) target
operation in its body. Currently limited to LinalgOps.

`target`

Tile sizes may be known at transformation time, in which case they are
expected to be provided in the `static_size` attribute, or not, in which
case the tile value must be computed by the payload IR and the handle to the
operation computing it must be provided through `dynamic_sizes`. When the
sizes are not known statically, the corresponding entry in the
`static_sizes` attribute must be set to `ShapedType::kDynamic`. Only
the dynamic sizes must be provided in `dynamic_sizes`, i.e., there should
be as many handles as `ShapedType::kDynamic` values in the
`static_sizes` attribute. A static size of `0` indicates that the dimension
should not be tiled. No loop will be generated for such dimensions. If all
tile sizes are `0`, this transform is effectively a no-op.

`static_size`
`dynamic_sizes`
`static_sizes`
`ShapedType::kDynamic`
`dynamic_sizes`
`ShapedType::kDynamic`
`static_sizes`
`0`
`0`

This op returns handles to the tiled op (in the generated loop nest) and the
generated loops. The number of loops is the number of tile sizes that are
statically known to be non-zero.

---

#### Return modes [¶](#return-modes-69)

[¶](#return-modes-69)

On success, the resulting handles are associated with co-indexed lists of
tiled operations and loops around them.

This operation only supports Linalg ops and produces a silenceable failure
if the input contains any non-Linalg ops. The ops preceding it in the list
associated with the `target` handle will have been tiled.

`target`

This operation produces a silenceable failure if the `dynamic_sizes` handles
are associated with lists of payload operations of a size different than
that of the list associated with the `target` handle.

`dynamic_sizes`
`target`

If the internal implementation of tiling for any of the operations fails,
produces a definite failure.

Traits: `ReportTrackingListenerFailuresOpTrait`

`ReportTrackingListenerFailuresOpTrait`

Interfaces: `MemoryEffectOpInterface`, `TransformOpInterface`

`MemoryEffectOpInterface`
`TransformOpInterface`

---

#### Attributes: [¶](#attributes-81)

[¶](#attributes-81)

| Attribute | MLIR Type | Description |
| --- | --- | --- |
| `static_sizes` | ::mlir::DenseI64ArrayAttr | i64 dense array attribute |
| `interchange` | ::mlir::DenseI64ArrayAttr | i64 dense array attribute |
| `scalable_sizes` | ::mlir::DenseBoolArrayAttr | i1 dense array attribute |

| Attribute | MLIR Type | Description |
 Attribute | MLIR Type | Description || `static_sizes` | ::mlir::DenseI64ArrayAttr | i64 dense array attribute |
 `static_sizes` |`static_sizes` ::mlir::DenseI64ArrayAttr | i64 dense array attribute || `interchange` | ::mlir::DenseI64ArrayAttr | i64 dense array attribute |
 `interchange` |`interchange` ::mlir::DenseI64ArrayAttr | i64 dense array attribute || `scalable_sizes` | ::mlir::DenseBoolArrayAttr | i1 dense array attribute |
 `scalable_sizes` |`scalable_sizes` ::mlir::DenseBoolArrayAttr | i1 dense array attribute |

---

#### Operands: [¶](#operands-120)

[¶](#operands-120)

| Operand | Description |
| --- | --- |
| `target` | TransformHandleTypeInterface instance |
| `dynamic_sizes` | variadic of transform any param type or any handle type |

| Operand | Description |
| --- | --- |
| Operand | Description |
 Operand | Description || `target` | TransformHandleTypeInterface instance |
| `dynamic_sizes` | variadic of transform any param type or any handle type |
| `target` | TransformHandleTypeInterface instance |
 `target` |`target` TransformHandleTypeInterface instance || `dynamic_sizes` | variadic of transform any param type or any handle type |
 `dynamic_sizes` |`dynamic_sizes` variadic of transform any param type or any handle type |

---

#### Results: [¶](#results-94)

[¶](#results-94)

| Result | Description |
| --- | --- |
| `tiled_linalg_op` | TransformHandleTypeInterface instance |
| `loops` | variadic of TransformHandleTypeInterface instance |

| Result | Description |
| --- | --- |
| Result | Description |
 Result | Description || `tiled_linalg_op` | TransformHandleTypeInterface instance |
| `loops` | variadic of TransformHandleTypeInterface instance |
| `tiled_linalg_op` | TransformHandleTypeInterface instance |
 `tiled_linalg_op` |`tiled_linalg_op` TransformHandleTypeInterface instance || `loops` | variadic of TransformHandleTypeInterface instance |
 `loops` |`loops` variadic of TransformHandleTypeInterface instance |### `transform.structured.tile_using_forall` (transform::TileUsingForallOp) [¶](#transformstructuredtile_using_forall-transformtileusingforallop)

`transform.structured.tile_using_forall`
[¶](#transformstructuredtile_using_forall-transformtileusingforallop)

Syntax:

```
operation ::= `transform.structured.tile_using_forall` $target oilist(
              `num_threads` custom<PackedOrDynamicIndexList>($packed_num_threads,
              $num_threads,
              $static_num_threads) |
              `tile_sizes` custom<PackedOrDynamicIndexList>($packed_tile_sizes,
              $tile_sizes,
              $static_tile_sizes))
              (`(` `mapping` `=` $mapping^ `)`)? attr-dict
              `:` functional-type(operands, results)
```

`` operation ::= `transform.structured.tile_using_forall` $target oilist(
`num_threads` custom<PackedOrDynamicIndexList>($packed_num_threads,
$num_threads,
$static_num_threads) |
`tile_sizes` custom<PackedOrDynamicIndexList>($packed_tile_sizes,
$tile_sizes,
$static_tile_sizes))
(`(` `mapping` `=` $mapping^ `)`)? attr-dict
`:` functional-type(operands, results) ``

Tile a TilingInterface op to a tiled `scf.forall`.

`scf.forall`

Tiling is applied by either specifying `num_threads` or `tile_size`. If
`num_threads` is specified, then the tile size for each dimension `i` is
calculated dynamically via `ceilDiv(dimSize[i], num_threads[i])`.
`num_threads` and `tile_size` can be either static index attributes or
operation handles (or a mix thereof). Operation handles must be mapped to
exactly one op that has exactly one result of index type.

`num_threads`
`tile_size`
`num_threads`
`i`
`ceilDiv(dimSize[i], num_threads[i])`
`num_threads`
`tile_size`

Static zero tile sizes indicate that the dimension is not tiled and can be
thought of as tiling by the full size of data.

It is the user’s responsibility to ensure that `num_threads/tile_sizes` is
a valid tiling specification (i.e. that only tiles parallel dimensions,
e.g. in the Linalg case). If the dimension is not parallelizable, a warning
is issued to notify the user that the generated code is not safe to
parallelize.

`num_threads/tile_sizes`

If non-empty, the `mapping` is added as an attribute to the
resulting `scf.forall`.

`mapping`
`scf.forall`

Note: `tile_sizes` and `num_threads` are variadic. Each tile size/number of
threads can be an index attribute or a transform handle that is mapped to
exactly one payload op with exactly one index result.

`tile_sizes`
`num_threads`

---

#### Return modes [¶](#return-modes-70)

[¶](#return-modes-70)

This operation ignores ops that do not implement the TilingInterface and
drops them in the return.

If all the operations referred to by the `target` handle tile
successfully, the transform succeeds.
Otherwise the transform produces a silenceable failure.

`target`

The two returned handles point to only the subset of successfully produced
tiled operations, which can all be empty.

These two returned handles point to:

* the tiled op that implements TilingInterface,
* the new scf.forall op.

- the tiled op that implements TilingInterface,
- the new scf.forall op.

---

#### Example using `num_threads` [¶](#example-using-num_threads)

`num_threads`
[¶](#example-using-num_threads)

```
%0 = transform.structured.match ops{["linalg.matmul"]} in %arg1
   : (!transform.any_op) -> !transform.any_op
%3:2 = transform.structured.tile_using_forall %0 num_threads [10, 20]
   : (!transform.any_op) -> (!transform.any_op, !transform.any_op)
```

`%0 = transform.structured.match ops{["linalg.matmul"]} in %arg1
: (!transform.any_op) -> !transform.any_op
%3:2 = transform.structured.tile_using_forall %0 num_threads [10, 20]
: (!transform.any_op) -> (!transform.any_op, !transform.any_op)`

---

#### Example using `tile_sizes` [¶](#example-using-tile_sizes)

`tile_sizes`
[¶](#example-using-tile_sizes)

```
%0 = transform.structured.match ops{["linalg.matmul"]} in %arg1
   : (!transform.any_op) -> !transform.any_op
%sz = transform.structured.match ...
%3:2 = transform.structured.tile_using_forall %0 tile_sizes [0, %sz, 20]
   : (!transform.any_op, !transform.any_op) -> (!transform.any_op, !transform.any_op)
```

`%0 = transform.structured.match ops{["linalg.matmul"]} in %arg1
: (!transform.any_op) -> !transform.any_op
%sz = transform.structured.match ...
%3:2 = transform.structured.tile_using_forall %0 tile_sizes [0, %sz, 20]
: (!transform.any_op, !transform.any_op) -> (!transform.any_op, !transform.any_op)`

Traits: `AttrSizedOperandSegments`, `ReportTrackingListenerFailuresOpTrait`

`AttrSizedOperandSegments`
`ReportTrackingListenerFailuresOpTrait`

Interfaces: `MemoryEffectOpInterface`, `TransformOpInterface`

`MemoryEffectOpInterface`
`TransformOpInterface`

---

#### Attributes: [¶](#attributes-82)

[¶](#attributes-82)

| Attribute | MLIR Type | Description |
| --- | --- | --- |
| `static_num_threads` | ::mlir::DenseI64ArrayAttr | i64 dense array attribute |
| `static_tile_sizes` | ::mlir::DenseI64ArrayAttr | i64 dense array attribute |
| `mapping` | ::mlir::ArrayAttr | Device Mapping array attribute |

| Attribute | MLIR Type | Description |
 Attribute | MLIR Type | Description || `static_num_threads` | ::mlir::DenseI64ArrayAttr | i64 dense array attribute |
 `static_num_threads` |`static_num_threads` ::mlir::DenseI64ArrayAttr | i64 dense array attribute || `static_tile_sizes` | ::mlir::DenseI64ArrayAttr | i64 dense array attribute |
 `static_tile_sizes` |`static_tile_sizes` ::mlir::DenseI64ArrayAttr | i64 dense array attribute || `mapping` | ::mlir::ArrayAttr | Device Mapping array attribute |
 `mapping` |`mapping` ::mlir::ArrayAttr | Device Mapping array attribute |

---

#### Operands: [¶](#operands-121)

[¶](#operands-121)

| Operand | Description |
| --- | --- |
| `target` | TransformHandleTypeInterface instance |
| `num_threads` | variadic of transform any param type or any handle type |
| `tile_sizes` | variadic of transform any param type or any handle type |
| `packed_num_threads` | transform any param type or any handle type |
| `packed_tile_sizes` | transform any param type or any handle type |

| Operand | Description |
| --- | --- |
| Operand | Description |
 Operand | Description || `target` | TransformHandleTypeInterface instance |
| `num_threads` | variadic of transform any param type or any handle type |
| `tile_sizes` | variadic of transform any param type or any handle type |
| `packed_num_threads` | transform any param type or any handle type |
| `packed_tile_sizes` | transform any param type or any handle type |
| `target` | TransformHandleTypeInterface instance |
 `target` |`target` TransformHandleTypeInterface instance || `num_threads` | variadic of transform any param type or any handle type |
 `num_threads` |`num_threads` variadic of transform any param type or any handle type || `tile_sizes` | variadic of transform any param type or any handle type |
 `tile_sizes` |`tile_sizes` variadic of transform any param type or any handle type || `packed_num_threads` | transform any param type or any handle type |
 `packed_num_threads` |`packed_num_threads` transform any param type or any handle type || `packed_tile_sizes` | transform any param type or any handle type |
 `packed_tile_sizes` |`packed_tile_sizes` transform any param type or any handle type |

---

#### Results: [¶](#results-95)

[¶](#results-95)

| Result | Description |
| --- | --- |
| `tiled_op` | TransformHandleTypeInterface instance |
| `forall_op` | TransformHandleTypeInterface instance |

| Result | Description |
| --- | --- |
| Result | Description |
 Result | Description || `tiled_op` | TransformHandleTypeInterface instance |
| `forall_op` | TransformHandleTypeInterface instance |
| `tiled_op` | TransformHandleTypeInterface instance |
 `tiled_op` |`tiled_op` TransformHandleTypeInterface instance || `forall_op` | TransformHandleTypeInterface instance |
 `forall_op` |`forall_op` TransformHandleTypeInterface instance |---

## Retrieved Documentation (verbatim)

### `transform.structured.tile_using_for`

**Syntax:**
```
operation ::= `transform.structured.tile_using_for` $target
              `tile_sizes` custom<DynamicIndexList>(
              $dynamic_sizes,
              $static_sizes,
              $scalable_sizes)
              (`interchange` `=` $interchange^)?
              attr-dict
              `:` functional-type(operands, results)
```

**Operands:**
- `target`: TransformHandleTypeInterface instance
- `dynamic_sizes`: variadic of transform any param type or any handle type

**Results:**
- `tiled_linalg_op`: TransformHandleTypeInterface instance
- `loops`: variadic of TransformHandleTypeInterface instance

**Key Attributes:**
- `static_sizes`: i64 dense array attribute (tile sizes statically known)
- `interchange` (optional): i64 dense array attribute (loop permutation)
- `scalable_sizes`: i1 dense array attribute (for scalable vectors)

**Semantics:** Tile a Linalg op generating a loop nest with a smaller tiled operation in its body. A static size of `0` means that dimension is not tiled (no loop generated). Returns handles to both the tiled op and the generated loops.

---

### `transform.structured.tile_using_forall`

**Syntax:**
```
operation ::= `transform.structured.tile_using_forall` $target oilist(
              `num_threads` custom<PackedOrDynamicIndexList>(...) |
              `tile_sizes` custom<PackedOrDynamicIndexList>(...))
              (`(` `mapping` `=` $mapping^ `)`)?
              attr-dict
              `:` functional-type(operands, results)
```

**Operands:**
- `target`: TransformHandleTypeInterface instance
- `num_threads`: variadic of transform any param type or any handle type
- `tile_sizes`: variadic of transform any param type or any handle type

**Results:**
- `tiled_op`: TransformHandleTypeInterface instance
- `forall_op`: TransformHandleTypeInterface instance

**Key Attributes:**
- `static_num_threads`: i64 dense array attribute
- `static_tile_sizes`: i64 dense array attribute
- `mapping` (optional): Device Mapping array attribute

**Semantics:** Tile a TilingInterface op to a `scf.forall` loop. If `num_threads` is specified, tile size is computed as `ceilDiv(dimSize[i], num_threads[i])`. Returns handles to both the tiled op and the generated `scf.forall`.

---

## Answer

1. **`transform.structured.tile_using_for`** generates a sequential loop nest (`scf.for`):
   - Use when you want scalar sequential tiling of a linalg op.
   - Returns handles to the tiled op and all generated loops.

2. **`transform.structured.tile_using_forall`** generates a parallel loop nest (`scf.forall`):
   - Use when tiling is parallelizable across dimensions.
   - Specify either `num_threads` or `tile_sizes`; exactly one must be provided.
   - Returns handles to the tiled op and the generated `scf.forall` op.

3. **Key operand:** `target` is a transform handle to the linalg op you wish to tile.

4. **Static vs. dynamic sizes:**
   - Static tile sizes go in the attribute (`static_sizes` or `static_tile_sizes`).
   - Use `ShapedType::kDynamic` (e.g., `-9223372036854775808`) in static attributes when a size is computed at runtime.
   - Provide corresponding operands in `dynamic_sizes` or `tile_sizes` handles for each dynamic entry.

5. **A static size of `0`** means "do not tile this dimension"—no loop is generated.

6. **`interchange` attribute** (optional, `tile_using_for` only): permutes the generated loops as a dense i64 array.

---

## Minimal Transform IR skeleton

### Using `tile_using_for` (sequential):
```mlir
module attributes {transform.with_named_sequence} {
  transform.named_sequence @__transform_main(%arg1: !transform.any_op {transform.readonly}) {
    %op = transform.structured.match attributes{tag = "operation_0"} in %arg1
      : (!transform.any_op) -> !transform.any_op
    %tiled_op, %loops:2 = transform.structured.tile_using_for %op
      tile_sizes [16, 32]
      : (!transform.any_op) -> (!transform.any_op, !transform.any_op, !transform.any_op)
    transform.yield
  }
}
```

### Using `tile_using_forall` (parallel):
```mlir
module attributes {transform.with_named_sequence} {
  transform.named_sequence @__transform_main(%arg1: !transform.any_op {transform.readonly}) {
    %op = transform.structured.match attributes{tag = "operation_0"} in %arg1
      : (!transform.any_op) -> !transform.any_op
    %tiled_op, %forall_op = transform.structured.tile_using_forall %op
      tile_sizes [16, 32]
      : (!transform.any_op) -> (!transform.any_op, !transform.any_op)
    transform.yield
  }
}
```

---

## Constraints / Preconditions

- **Target must be a linalg op** (or any op implementing `TilingInterface` for `tile_using_forall`). Non-conforming ops produce a silenceable failure.
- **Dynamic sizes must align:** If you provide `dynamic_sizes` handles, their list length must equal the number of `ShapedType::kDynamic` entries in `static_sizes`.
- **A `0` tile size generates no loop** for that dimension; if all are `0`, the transform is a no-op.
- **`tile_using_forall` requires `num_threads` OR `tile_sizes`**, not both; if `num_threads` is provided, compute ceilDiv internally.
- **Interchange (optional):** Only available for `tile_using_for`; permutes the order of generated loops.
- **Failure modes:** Definite failure if the internal tiling implementation for any op fails; silenceable failure if ops do not support the required interface.

---

## Lookup keys used

- `("Structured (Linalg) Transform Operations", "transform.structured.tile_using_for")`
- `("Structured (Linalg) Transform Operations", "transform.structured.tile_using_forall")`Now let me test the baseline execution of the concrete instances to ensure they execute correctly:(8904284, True)Good! Now let me test a simple tiling transformation on the matmul kernel:module {
  func.func private @nanoTime() -> i64 attributes {llvm.emit_c_interface}
  func.func @main(%arg0: tensor<128x256xf64>, %arg1: tensor<256x128xf64>, %arg2: tensor<128x128xf64>) -> (tensor<128x128xf64>, i64) attributes {llvm.emit_c_interface} {
    %0 = call @nanoTime() : () -> i64
    %c0 = arith.constant 0 : index
    %c128 = arith.constant 128 : index
    %c16 = arith.constant 16 : index
    %1 = scf.for %arg3 = %c0 to %c128 step %c16 iter_args(%arg4 = %arg2) -> (tensor<128x128xf64>) {
      %c0_0 = arith.constant 0 : index
      %c128_1 = arith.constant 128 : index
      %c32 = arith.constant 32 : index
      %4 = scf.for %arg5 = %c0_0 to %c128_1 step %c32 iter_args(%arg6 = %arg4) -> (tensor<128x128xf64>) {
        %c0_2 = arith.constant 0 : index
        %c256 = arith.constant 256 : index
        %c64 = arith.constant 64 : index
        %5 = scf.for %arg7 = %c0_2 to %c256 step %c64 iter_args(%arg8 = %arg6) -> (tensor<128x128xf64>) {
          %extracted_slice = tensor.extract_slice %arg0[%arg3, %arg7] [16, 64] [1, 1] : tensor<128x256xf64> to tensor<16x64xf64>
          %extracted_slice_3 = tensor.extract_slice %arg1[%arg7, %arg5] [64, 32] [1, 1] : tensor<256x128xf64> to tensor<64x32xf64>
          %extracted_slice_4 = tensor.extract_slice %arg8[%arg3, %arg5] [16, 32] [1, 1] : tensor<128x128xf64> to tensor<16x32xf64>
          %6 = linalg.matmul {tag = "operation_0"} ins(%extracted_slice, %extracted_slice_3 : tensor<16x64xf64>, tensor<64x32xf64>) outs(%extracted_slice_4 : tensor<16x32xf64>) -> tensor<16x32xf64>
          %inserted_slice = tensor.insert_slice %6 into %arg8[%arg3, %arg5] [16, 32] [1, 1] : tensor<16x32xf64> into tensor<128x128xf64>
          scf.yield %inserted_slice : tensor<128x128xf64>
        }
        scf.yield %5 : tensor<128x128xf64>
      }
      scf.yield %4 : tensor<128x128xf64>
    }
    %2 = call @nanoTime() : () -> i64
    %3 = arith.subi %2, %0 : i64
    return %1, %3 : tensor<128x128xf64>, i64
  }
}
Excellent! The transformation is working. Now let me test execution:(4667592, True)Great! Now let me test the speedup:1.9076825909376827Excellent! The tiling is working and achieving significant speedup (~1.9x). Now let me test with the convolution kernel:(42180042, True)Now test tiling on the convolution:#map = affine_map<(d0) -> (2, -d0 + 7)>
#map1 = affine_map<(d0) -> (d0 - 1)>
module {
  func.func private @nanoTime() -> i64 attributes {llvm.emit_c_interface}
  func.func @main(%arg0: tensor<128x32x7x7xf64>, %arg1: tensor<256x32x1x1xf64>, %arg2: tensor<128x256x7x7xf64>) -> (tensor<128x256x7x7xf64>, i64) attributes {llvm.emit_c_interface} {
    %0 = call @nanoTime() : () -> i64
    %c0 = arith.constant 0 : index
    %c128 = arith.constant 128 : index
    %c4 = arith.constant 4 : index
    %1 = scf.for %arg3 = %c0 to %c128 step %c4 iter_args(%arg4 = %arg2) -> (tensor<128x256x7x7xf64>) {
      %c0_0 = arith.constant 0 : index
      %c256 = arith.constant 256 : index
      %c16 = arith.constant 16 : index
      %4 = scf.for %arg5 = %c0_0 to %c256 step %c16 iter_args(%arg6 = %arg4) -> (tensor<128x256x7x7xf64>) {
        %c0_1 = arith.constant 0 : index
        %c7 = arith.constant 7 : index
        %c2 = arith.constant 2 : index
        %5 = scf.for %arg7 = %c0_1 to %c7 step %c2 iter_args(%arg8 = %arg6) -> (tensor<128x256x7x7xf64>) {
          %c0_2 = arith.constant 0 : index
          %c7_3 = arith.constant 7 : index
          %c2_4 = arith.constant 2 : index
          %6 = scf.for %arg9 = %c0_2 to %c7_3 step %c2_4 iter_args(%arg10 = %arg8) -> (tensor<128x256x7x7xf64>) {
            %c7_5 = arith.constant 7 : index
            %7 = affine.min #map(%arg7)
            %c7_6 = arith.constant 7 : index
            %8 = affine.min #map(%arg9)
            %9 = affine.apply #map1(%7)
            %10 = affine.apply #map1(%8)
            %11 = affine.apply #map1(%7)
            %12 = affine.apply #map1(%8)
            %13 = affine.apply #map1(%7)
            %14 = affine.apply #map1(%8)
            %extracted_slice = tensor.extract_slice %arg0[%arg3, 0, %arg7, %arg9] [4, 32, %7, %8] [1, 1, 1, 1] : tensor<128x32x7x7xf64> to tensor<4x32x?x?xf64>
            %extracted_slice_7 = tensor.extract_slice %arg1[%arg5, 0, 0, 0] [16, 32, 1, 1] [1, 1, 1, 1] : tensor<256x32x1x1xf64> to tensor<16x32x1x1xf64>
            %extracted_slice_8 = tensor.extract_slice %arg10[%arg3, %arg5, %arg7, %arg9] [4, 16, %7, %8] [1, 1, 1, 1] : tensor<128x256x7x7xf64> to tensor<4x16x?x?xf64>
            %15 = linalg.conv_2d_nchw_fchw {dilations = dense<1> : tensor<2xi64>, strides = dense<1> : tensor<2xi64>, tag = "operation_0"} ins(%extracted_slice, %extracted_slice_7 : tensor<4x32x?x?xf64>, tensor<16x32x1x1xf64>) outs(%extracted_slice_8 : tensor<4x16x?x?xf64>) -> tensor<4x16x?x?xf64>
            %16 = affine.apply #map1(%7)
            %17 = affine.apply #map1(%8)
            %18 = affine.apply #map1(%7)
            %19 = affine.apply #map1(%8)
            %inserted_slice = tensor.insert_slice %15 into %arg10[%arg3, %arg5, %arg7, %arg9] [4, 16, %7, %8] [1, 1, 1, 1] : tensor<4x16x?x?xf64> into tensor<128x256x7x7xf64>
            scf.yield %inserted_slice : tensor<128x256x7x7xf64>
          }
          scf.yield %6 : tensor<128x256x7x7xf64>
        }
        scf.yield %5 : tensor<128x256x7x7xf64>
      }
      scf.yield %4 : tensor<128x256x7x7xf64>
    }
    %2 = call @nanoTime() : () -> i64
    %3 = arith.subi %2, %0 : i64
    return %1, %3 : tensor<128x256x7x7xf64>, i64
  }
}
Now test execution of the tiled convolution:(43905851, True)Now let me test with the generic kernel:(267977, True)Now test tiling the generic operation:#map = affine_map<(d0, d1, d2, d3, d4) -> (d0, d1, d2, d3, d4)>
module {
  func.func private @nanoTime() -> i64 attributes {llvm.emit_c_interface}
  func.func @main(%arg0: tensor<8x8x16x8x32xf64>, %arg1: tensor<8x8x16x8x32xf64>) -> (tensor<8x8x16x8x32xf64>, i64) attributes {llvm.emit_c_interface} {
    %0 = call @nanoTime() : () -> i64
    %c0 = arith.constant 0 : index
    %c8 = arith.constant 8 : index
    %c2 = arith.constant 2 : index
    %1 = scf.for %arg2 = %c0 to %c8 step %c2 iter_args(%arg3 = %arg1) -> (tensor<8x8x16x8x32xf64>) {
      %c0_0 = arith.constant 0 : index
      %c8_1 = arith.constant 8 : index
      %c2_2 = arith.constant 2 : index
      %4 = scf.for %arg4 = %c0_0 to %c8_1 step %c2_2 iter_args(%arg5 = %arg3) -> (tensor<8x8x16x8x32xf64>) {
        %c0_3 = arith.constant 0 : index
        %c16 = arith.constant 16 : index
        %c4 = arith.constant 4 : index
        %5 = scf.for %arg6 = %c0_3 to %c16 step %c4 iter_args(%arg7 = %arg5) -> (tensor<8x8x16x8x32xf64>) {
          %c0_4 = arith.constant 0 : index
          %c8_5 = arith.constant 8 : index
          %c4_6 = arith.constant 4 : index
          %6 = scf.for %arg8 = %c0_4 to %c8_5 step %c4_6 iter_args(%arg9 = %arg7) -> (tensor<8x8x16x8x32xf64>) {
            %c0_7 = arith.constant 0 : index
            %c32 = arith.constant 32 : index
            %c8_8 = arith.constant 8 : index
            %7 = scf.for %arg10 = %c0_7 to %c32 step %c8_8 iter_args(%arg11 = %arg9) -> (tensor<8x8x16x8x32xf64>) {
              %extracted_slice = tensor.extract_slice %arg0[%arg2, %arg4, %arg6, %arg8, %arg10] [2, 2, 4, 4, 8] [1, 1, 1, 1, 1] : tensor<8x8x16x8x32xf64> to tensor<2x2x4x4x8xf64>
              %extracted_slice_9 = tensor.extract_slice %arg11[%arg2, %arg4, %arg6, %arg8, %arg10] [2, 2, 4, 4, 8] [1, 1, 1, 1, 1] : tensor<8x8x16x8x32xf64> to tensor<2x2x4x4x8xf64>
              %8 = linalg.generic {indexing_maps = [#map, #map], iterator_types = ["parallel", "parallel", "parallel", "parallel", "parallel"]} ins(%extracted_slice : tensor<2x2x4x4x8xf64>) outs(%extracted_slice_9 : tensor<2x2x4x4x8xf64>) attrs =  {tag = "operation_0"} {
              ^bb0(%in: f64, %out: f64):
                %9 = arith.addf %out, %in : f64
                linalg.yield %9 : f64
              } -> tensor<2x2x4x4x8xf64>
              %inserted_slice = tensor.insert_slice %8 into %arg11[%arg2, %arg4, %arg6, %arg8, %arg10] [2, 2, 4, 4, 8] [1, 1, 1, 1, 1] : tensor<2x2x4x4x8xf64> into tensor<8x8x16x8x32xf64>
              scf.yield %inserted_slice : tensor<8x8x16x8x32xf64>
            }
            scf.yield %7 : tensor<8x8x16x8x32xf64>
          }
          scf.yield %6 : tensor<8x8x16x8x32xf64>
        }
        scf.yield %5 : tensor<8x8x16x8x32xf64>
      }
      scf.yield %4 : tensor<8x8x16x8x32xf64>
    }
    %2 = call @nanoTime() : () -> i64
    %3 = arith.subi %2, %0 : i64
    return %1, %3 : tensor<8x8x16x8x32xf64>, i64
  }
}
Now test execution:(401514, True)Perfect! Now I have validated that the tiling transformation works across all three kernel types (matmul, conv, and generic). Let me now synthesize the complete action implementation:

## Synthesis Summary

I have successfully validated the **Tiling** transformation as a reusable RL action:

### Key Findings:
1. **Transform Dialect Operation**: `transform.structured.tile_using_for` is the appropriate choice for sequential tiling on CPU.
2. **Applicability**: Works robustly across all three kernel types:
   - `linalg.matmul` (matmul kernel)
   - `linalg.conv_2d_nchw_fchw` (convolution kernel)
   - `linalg.generic` (generic loop nests)
3. **Performance**: Achieves significant improvements when tuned correctly (1.9x speedup on matmul with reasonable tile sizes).
4. **Correctness**: All transformations preserve program semantics and IR validity.

### Action Design:
- **Parameters**: `tile_sizes` — a list of integer tile sizes for each loop dimension (0 means no tiling for that dimension).
- **Precondition**: Validates that the target operation with tag `operation_0` exists, tile_sizes is non-empty, and not all zeros.
- **Implementation**: Uses `transform.structured.tile_using_for` to tile the target operation.
- **Postcondition**: Ensures the transformation produced a different IR (not a no-op).
===== Action Package =====
{'description': 'Partition iteration space into rectangular blocks (tiles) '
                'over loop dimensions, creating nested loop structure that '
                'improves cache locality and data reuse.',
 'name': 'Tiling',
 'parameters': [{'description': 'A list of tile sizes for each loop dimension. '
                                'A size of 0 means that dimension is not '
                                'tiled.',
                 'name': 'tile_sizes',
                 'type': 'list[int]',
                 'values': None}]}
===== Action Python =====
('from llm_action.src.actions.base import ActionBase\n'
 'from llm_action.src.utils.transformation import run_transform_code\n'
 '\n'
 '\n'
 'class Tiling(ActionBase):\n'
 '    """\n'
 '    Tiling transformation action.\n'
 '    \n'
 '    Partitions the iteration space of the target operation (tagged with '
 '"operation_0")\n'
 '    into rectangular blocks (tiles) to improve cache locality and data '
 'reuse.\n'
 '    Uses transform.structured.tile_using_for for sequential tiling on CPU.\n'
 '    """\n'
 '\n'
 '    @classmethod\n'
 '    def parameters(cls) -> dict:\n'
 '        """\n'
 '        Define the parameters for the tiling action.\n'
 '        \n'
 '        Returns:\n'
 '            dict: Parameter specification with tile_sizes.\n'
 '        """\n'
 '        return {\n'
 '            "tile_sizes": {\n'
 '                "type": "list[int]",\n'
 '                "description": "Tile sizes for each loop dimension. 0 means '
 'no tiling for that dimension.",\n'
 '                "default": None,\n'
 '            }\n'
 '        }\n'
 '\n'
 '    @classmethod\n'
 '    def precondition(cls, code: str, params: dict) -> bool:\n'
 '        """\n'
 '        Check if the action is applicable to the given IR.\n'
 '        \n'
 '        Validates:\n'
 '        - The target operation with tag "operation_0" exists\n'
 '        - tile_sizes parameter is well-formed and non-empty\n'
 '        - At least one tile size is non-zero (non-trivial tiling)\n'
 '        \n'
 '        Args:\n'
 '            code (str): MLIR IR as string.\n'
 '            params (dict): Action parameters, must contain "tile_sizes".\n'
 '        \n'
 '        Returns:\n'
 '            bool: True if action is applicable, False otherwise.\n'
 '        """\n'
 '        # Check that tag "operation_0" exists\n'
 '        if \'tag = "operation_0"\' not in code:\n'
 '            return False\n'
 '        \n'
 '        # Extract and validate tile_sizes parameter\n'
 '        if "tile_sizes" not in params:\n'
 '            return False\n'
 '        \n'
 '        tile_sizes = params.get("tile_sizes")\n'
 '        \n'
 '        # Tile sizes must be a non-empty list\n'
 '        if not isinstance(tile_sizes, list) or len(tile_sizes) == 0:\n'
 '            return False\n'
 '        \n'
 '        # All elements must be non-negative integers\n'
 '        if not all(isinstance(s, int) and s >= 0 for s in tile_sizes):\n'
 '            return False\n'
 '        \n'
 '        # At least one tile size must be non-zero (no trivial/no-op tiling)\n'
 '        if all(s == 0 for s in tile_sizes):\n'
 '            return False\n'
 '        \n'
 '        return True\n'
 '\n'
 '    @classmethod\n'
 '    def preprocess(cls, code: str, params: dict) -> str:\n'
 '        """\n'
 '        Optional preprocessing / canonicalization.\n'
 '        \n'
 '        For tiling, no preprocessing is required. Return the code as-is.\n'
 '        \n'
 '        Args:\n'
 '            code (str): MLIR IR as string.\n'
 '            params (dict): Action parameters.\n'
 '        \n'
 '        Returns:\n'
 '            str: Preprocessed (or identity) MLIR code.\n'
 '        """\n'
 '        return code\n'
 '\n'
 '    @classmethod\n'
 '    def implement(cls, code: str, params: dict) -> str:\n'
 '        """\n'
 '        Implement the tiling transformation using MLIR Transform dialect.\n'
 '        \n'
 '        Constructs a transform sequence that:\n'
 '        1. Matches the target operation via tag = "operation_0"\n'
 '        2. Applies tile_using_for with the provided tile sizes\n'
 '        \n'
 '        Args:\n'
 '            code (str): MLIR IR as string.\n'
 '            params (dict): Action parameters with tile_sizes.\n'
 '        \n'
 '        Returns:\n'
 '            str: Transformed MLIR code, or original code on failure.\n'
 '        """\n'
 '        tile_sizes = params["tile_sizes"]\n'
 '        \n'
 '        # Determine number of loops to be generated (count non-zero tile '
 'sizes)\n'
 '        num_loops = sum(1 for s in tile_sizes if s != 0)\n'
 '        \n'
 '        # Build the result type for transform.structured.tile_using_for\n'
 '        # Result is: tiled_op (1) + loops (num_loops)\n'
 '        loop_types = ", ".join(["!transform.any_op"] * num_loops)\n'
 '        result_type = f"(!transform.any_op, {loop_types})" if num_loops > 0 '
 'else "(!transform.any_op)"\n'
 '        \n'
 '        # Format tile sizes as MLIR dense array syntax\n'
 '        tile_sizes_str = ", ".join(str(s) for s in tile_sizes)\n'
 '        \n'
 '        # Construct the transform IR\n'
 '        transform_code = f"""module attributes '
 '{{transform.with_named_sequence}} {{\n'
 '  transform.named_sequence @__transform_main(%arg1: !transform.any_op '
 '{{transform.readonly}}) {{\n'
 '    %op = transform.structured.match attributes{{tag = "operation_0"}} in '
 '%arg1\n'
 '      : (!transform.any_op) -> !transform.any_op\n'
 '    %tiled_op, %loops:{num_loops} = transform.structured.tile_using_for %op\n'
 '      tile_sizes [{tile_sizes_str}]\n'
 '      : (!transform.any_op) -> {result_type}\n'
 '    transform.yield\n'
 '  }}\n'
 '}}"""\n'
 '        \n'
 '        # Apply the transform\n'
 '        try:\n'
 '            transformed_code = run_transform_code(code, transform_code)\n'
 '            return transformed_code\n'
 '        except Exception:\n'
 '            # On any exception, return the original code\n'
 '            # (postcondition will detect no-op and return False)\n'
 '            return code\n'
 '\n'
 '    @classmethod\n'
 '    def postcondition(cls, before: str, after: str, params: dict) -> bool:\n'
 '        """\n'
 '        Verify that the transformation succeeded.\n'
 '        \n'
 '        Checks:\n'
 '        - The IR has changed (not a no-op)\n'
 '        - The IR is still valid (contains func.func)\n'
 '        - The IR is non-empty\n'
 '        \n'
 '        Args:\n'
 '            before (str): Original MLIR code.\n'
 '            after (str): Transformed MLIR code.\n'
 '            params (dict): Action parameters.\n'
 '        \n'
 '        Returns:\n'
 '            bool: True if transformation was successful, False otherwise.\n'
 '        """\n'
 '        # Reject no-op transformations\n'
 '        if before.strip() == after.strip():\n'
 '            return False\n'
 '        \n'
 '        # Check that the result is non-empty\n'
 '        if not after or not after.strip():\n'
 '            return False\n'
 '        \n'
 '        # Basic sanity check: the result should still be valid MLIR\n'
 '        # (contain func.func, no obvious syntax errors)\n'
 '        if "func.func" not in after:\n'
 '            return False\n'
 '        \n'
 '        return True')
=== Response saved to: ('llm_action/results/runs/6c316119/action_implementation/Tiling', 'llm_action/playground/actions/candidates//Tiling_8f8f.py') ===
ERROR    Error in tool 'transform_code': ValueError('Failed to apply named transform sequence.\nDiagnostic message at loc("-":4:21): transform applied to the wrong op     
         kind')                                                                                                                                                            
         Traceback (most recent call last):                                                                                                                                
           File "/home/kb5213/.conda/envs/llvm-build/lib/python3.11/site-packages/agno/tools/decorator.py", line 173, in sync_wrapper                                      
             return func(*args, **kwargs)                                                                                                                                  
                    ^^^^^^^^^^^^^^^^^^^^^                                                                                                                                  
           File "/scratch/kb5213/workspace/MLIR-RL/llm_action/src/tools/transformation.py", line 72, in transform_code                                                     
             transformed_code = run_transform_code(code, transformation_code)                                                                                              
                                ^^^^^^^^^^^^^^^^^^^^^^^^^^^^^^^^^^^^^^^^^^^^^                                                                                              
           File "/scratch/kb5213/workspace/MLIR-RL/llm_action/src/utils/transformation.py", line 137, in run_transform_code                                                
             return BindingsProcess.call(transform_bind_call, timeout=timeout)                                                                                             
                    ^^^^^^^^^^^^^^^^^^^^^^^^^^^^^^^^^^^^^^^^^^^^^^^^^^^^^^^^^^                                                                                             
           File "/scratch/kb5213/workspace/MLIR-RL/utils/bindings_process.py", line 12, in call                                                                            
             return func(*args)                                                                                                                                            
                    ^^^^^^^^^^^                                                                                                                                            
           File "/scratch/kb5213/workspace/MLIR-RL/llm_action/src/utils/transformation.py", line 133, in transform_bind_call                                               
             interpreter.apply_named_sequence(module, t_module.body.operations[0], t_module)                                                                               
           File "/scratch/kb5213/resources/llvm-project/build/tools/mlir/python_packages/mlir_core/mlir/dialects/transform/interpreter/__init__.py", line 30, in           
         apply_named_sequence                                                                                                                                              
             _cextTransformInterpreter.apply_named_sequence(*args)                                                                                                         
         ValueError: Failed to apply named transform sequence.                                                                                                             
         Diagnostic message at loc("-":4:21): transform applied to the wrong op kind                                                                                       
WARNING  Could not run function transform_code(code=..., transformation_code=...)                                                                                          
ERROR    Failed to apply named transform sequence.                                                                                                                         
         Diagnostic message at loc("-":4:21): transform applied to the wrong op kind                                                                                       
         Traceback (most recent call last):                                                                                                                                
           File "/home/kb5213/.conda/envs/llvm-build/lib/python3.11/site-packages/agno/tools/function.py", line 917, in execute                                            
             result = self.function.entrypoint(**entrypoint_args, **self.arguments)  # type: ignore                                                                        
                      ^^^^^^^^^^^^^^^^^^^^^^^^^^^^^^^^^^^^^^^^^^^^^^^^^^^^^^^^^^^^^                                                                                        
           File "/home/kb5213/.conda/envs/llvm-build/lib/python3.11/site-packages/pydantic/_internal/_validate_call.py", line 39, in wrapper_function                      
             return wrapper(*args, **kwargs)                                                                                                                               
                    ^^^^^^^^^^^^^^^^^^^^^^^^                                                                                                                               
           File "/home/kb5213/.conda/envs/llvm-build/lib/python3.11/site-packages/pydantic/_internal/_validate_call.py", line 136, in __call__                             
             res = self.__pydantic_validator__.validate_python(pydantic_core.ArgsKwargs(args, kwargs))                                                                     
                   ^^^^^^^^^^^^^^^^^^^^^^^^^^^^^^^^^^^^^^^^^^^^^^^^^^^^^^^^^^^^^^^^^^^^^^^^^^^^^^^^^^^                                                                     
           File "/home/kb5213/.conda/envs/llvm-build/lib/python3.11/site-packages/agno/tools/decorator.py", line 173, in sync_wrapper                                      
             return func(*args, **kwargs)                                                                                                                                  
                    ^^^^^^^^^^^^^^^^^^^^^                                                                                                                                  
           File "/scratch/kb5213/workspace/MLIR-RL/llm_action/src/tools/transformation.py", line 72, in transform_code                                                     
             transformed_code = run_transform_code(code, transformation_code)                                                                                              
                                ^^^^^^^^^^^^^^^^^^^^^^^^^^^^^^^^^^^^^^^^^^^^^                                                                                              
           File "/scratch/kb5213/workspace/MLIR-RL/llm_action/src/utils/transformation.py", line 137, in run_transform_code                                                
             return BindingsProcess.call(transform_bind_call, timeout=timeout)                                                                                             
                    ^^^^^^^^^^^^^^^^^^^^^^^^^^^^^^^^^^^^^^^^^^^^^^^^^^^^^^^^^^                                                                                             
           File "/scratch/kb5213/workspace/MLIR-RL/utils/bindings_process.py", line 12, in call                                                                            
             return func(*args)                                                                                                                                            
                    ^^^^^^^^^^^                                                                                                                                            
           File "/scratch/kb5213/workspace/MLIR-RL/llm_action/src/utils/transformation.py", line 133, in transform_bind_call                                               
             interpreter.apply_named_sequence(module, t_module.body.operations[0], t_module)                                                                               
           File "/scratch/kb5213/resources/llvm-project/build/tools/mlir/python_packages/mlir_core/mlir/dialects/transform/interpreter/__init__.py", line 30, in           
         apply_named_sequence                                                                                                                                              
             _cextTransformInterpreter.apply_named_sequence(*args)                                                                                                         
         ValueError: Failed to apply named transform sequence.                                                                                                             
         Diagnostic message at loc("-":4:21): transform applied to the wrong op kind                                                                                       
ERROR    Error in tool 'transform_code': ValueError('Failed to apply named transform sequence.\nDiagnostic message at loc("-":4:21): transform applied to the wrong op     
         kind')                                                                                                                                                            
         Traceback (most recent call last):                                                                                                                                
           File "/home/kb5213/.conda/envs/llvm-build/lib/python3.11/site-packages/agno/tools/decorator.py", line 173, in sync_wrapper                                      
             return func(*args, **kwargs)                                                                                                                                  
                    ^^^^^^^^^^^^^^^^^^^^^                                                                                                                                  
           File "/scratch/kb5213/workspace/MLIR-RL/llm_action/src/tools/transformation.py", line 72, in transform_code                                                     
             transformed_code = run_transform_code(code, transformation_code)                                                                                              
                                ^^^^^^^^^^^^^^^^^^^^^^^^^^^^^^^^^^^^^^^^^^^^^                                                                                              
           File "/scratch/kb5213/workspace/MLIR-RL/llm_action/src/utils/transformation.py", line 137, in run_transform_code                                                
             return BindingsProcess.call(transform_bind_call, timeout=timeout)                                                                                             
                    ^^^^^^^^^^^^^^^^^^^^^^^^^^^^^^^^^^^^^^^^^^^^^^^^^^^^^^^^^^                                                                                             
           File "/scratch/kb5213/workspace/MLIR-RL/utils/bindings_process.py", line 12, in call                                                                            
             return func(*args)                                                                                                                                            
                    ^^^^^^^^^^^                                                                                                                                            
           File "/scratch/kb5213/workspace/MLIR-RL/llm_action/src/utils/transformation.py", line 133, in transform_bind_call                                               
             interpreter.apply_named_sequence(module, t_module.body.operations[0], t_module)                                                                               
           File "/scratch/kb5213/resources/llvm-project/build/tools/mlir/python_packages/mlir_core/mlir/dialects/transform/interpreter/__init__.py", line 30, in           
         apply_named_sequence                                                                                                                                              
             _cextTransformInterpreter.apply_named_sequence(*args)                                                                                                         
         ValueError: Failed to apply named transform sequence.                                                                                                             
         Diagnostic message at loc("-":4:21): transform applied to the wrong op kind                                                                                       
WARNING  Could not run function transform_code(code=..., transformation_code=...)                                                                                          
ERROR    Failed to apply named transform sequence.                                                                                                                         
         Diagnostic message at loc("-":4:21): transform applied to the wrong op kind                                                                                       
         Traceback (most recent call last):                                                                                                                                
           File "/home/kb5213/.conda/envs/llvm-build/lib/python3.11/site-packages/agno/tools/function.py", line 917, in execute                                            
             result = self.function.entrypoint(**entrypoint_args, **self.arguments)  # type: ignore                                                                        
                      ^^^^^^^^^^^^^^^^^^^^^^^^^^^^^^^^^^^^^^^^^^^^^^^^^^^^^^^^^^^^^                                                                                        
           File "/home/kb5213/.conda/envs/llvm-build/lib/python3.11/site-packages/pydantic/_internal/_validate_call.py", line 39, in wrapper_function                      
             return wrapper(*args, **kwargs)                                                                                                                               
                    ^^^^^^^^^^^^^^^^^^^^^^^^                                                                                                                               
           File "/home/kb5213/.conda/envs/llvm-build/lib/python3.11/site-packages/pydantic/_internal/_validate_call.py", line 136, in __call__                             
             res = self.__pydantic_validator__.validate_python(pydantic_core.ArgsKwargs(args, kwargs))                                                                     
                   ^^^^^^^^^^^^^^^^^^^^^^^^^^^^^^^^^^^^^^^^^^^^^^^^^^^^^^^^^^^^^^^^^^^^^^^^^^^^^^^^^^^                                                                     
           File "/home/kb5213/.conda/envs/llvm-build/lib/python3.11/site-packages/agno/tools/decorator.py", line 173, in sync_wrapper                                      
             return func(*args, **kwargs)                                                                                                                                  
                    ^^^^^^^^^^^^^^^^^^^^^                                                                                                                                  
           File "/scratch/kb5213/workspace/MLIR-RL/llm_action/src/tools/transformation.py", line 72, in transform_code                                                     
             transformed_code = run_transform_code(code, transformation_code)                                                                                              
                                ^^^^^^^^^^^^^^^^^^^^^^^^^^^^^^^^^^^^^^^^^^^^^                                                                                              
           File "/scratch/kb5213/workspace/MLIR-RL/llm_action/src/utils/transformation.py", line 137, in run_transform_code                                                
             return BindingsProcess.call(transform_bind_call, timeout=timeout)                                                                                             
                    ^^^^^^^^^^^^^^^^^^^^^^^^^^^^^^^^^^^^^^^^^^^^^^^^^^^^^^^^^^                                                                                             
           File "/scratch/kb5213/workspace/MLIR-RL/utils/bindings_process.py", line 12, in call                                                                            
             return func(*args)                                                                                                                                            
                    ^^^^^^^^^^^                                                                                                                                            
           File "/scratch/kb5213/workspace/MLIR-RL/llm_action/src/utils/transformation.py", line 133, in transform_bind_call                                               
             interpreter.apply_named_sequence(module, t_module.body.operations[0], t_module)                                                                               
           File "/scratch/kb5213/resources/llvm-project/build/tools/mlir/python_packages/mlir_core/mlir/dialects/transform/interpreter/__init__.py", line 30, in           
         apply_named_sequence                                                                                                                                              
             _cextTransformInterpreter.apply_named_sequence(*args)                                                                                                         
         ValueError: Failed to apply named transform sequence.                                                                                                             
         Diagnostic message at loc("-":4:21): transform applied to the wrong op kind                                                                                       
ERROR    Error in tool 'transform_code': MLIRError('Unable to parse module assembly', [<mlir._mlir_libs._mlir.ir.DiagnosticInfo object at 0x155532eeffb0>])                
         Traceback (most recent call last):                                                                                                                                
           File "/home/kb5213/.conda/envs/llvm-build/lib/python3.11/site-packages/agno/tools/decorator.py", line 173, in sync_wrapper                                      
             return func(*args, **kwargs)                                                                                                                                  
                    ^^^^^^^^^^^^^^^^^^^^^                                                                                                                                  
           File "/scratch/kb5213/workspace/MLIR-RL/llm_action/src/tools/transformation.py", line 72, in transform_code                                                     
             transformed_code = run_transform_code(code, transformation_code)                                                                                              
                                ^^^^^^^^^^^^^^^^^^^^^^^^^^^^^^^^^^^^^^^^^^^^^                                                                                              
           File "/scratch/kb5213/workspace/MLIR-RL/llm_action/src/utils/transformation.py", line 137, in run_transform_code                                                
             return BindingsProcess.call(transform_bind_call, timeout=timeout)                                                                                             
                    ^^^^^^^^^^^^^^^^^^^^^^^^^^^^^^^^^^^^^^^^^^^^^^^^^^^^^^^^^^                                                                                             
           File "/scratch/kb5213/workspace/MLIR-RL/utils/bindings_process.py", line 12, in call                                                                            
             return func(*args)                                                                                                                                            
                    ^^^^^^^^^^^                                                                                                                                            
           File "/scratch/kb5213/workspace/MLIR-RL/llm_action/src/utils/transformation.py", line 132, in transform_bind_call                                               
             t_module = Module.parse(transform_code)                                                                                                                       
                        ^^^^^^^^^^^^^^^^^^^^^^^^^^^^                                                                                                                       
         mlir._mlir_libs._site_initialize.<locals>.MLIRError: Unable to parse module assembly:                                                                             
         error: "-":4:96: expected '->' in function type                                                                                                                   
WARNING  Could not run function transform_code(code=..., transformation_code=...)                                                                                          
ERROR    Unable to parse module assembly:                                                                                                                                  
         error: "-":4:96: expected '->' in function type                                                                                                                   
         Traceback (most recent call last):                                                                                                                                
           File "/home/kb5213/.conda/envs/llvm-build/lib/python3.11/site-packages/agno/tools/function.py", line 917, in execute                                            
             result = self.function.entrypoint(**entrypoint_args, **self.arguments)  # type: ignore                                                                        
                      ^^^^^^^^^^^^^^^^^^^^^^^^^^^^^^^^^^^^^^^^^^^^^^^^^^^^^^^^^^^^^                                                                                        
           File "/home/kb5213/.conda/envs/llvm-build/lib/python3.11/site-packages/pydantic/_internal/_validate_call.py", line 39, in wrapper_function                      
             return wrapper(*args, **kwargs)                                                                                                                               
                    ^^^^^^^^^^^^^^^^^^^^^^^^                                                                                                                               
           File "/home/kb5213/.conda/envs/llvm-build/lib/python3.11/site-packages/pydantic/_internal/_validate_call.py", line 136, in __call__                             
             res = self.__pydantic_validator__.validate_python(pydantic_core.ArgsKwargs(args, kwargs))                                                                     
                   ^^^^^^^^^^^^^^^^^^^^^^^^^^^^^^^^^^^^^^^^^^^^^^^^^^^^^^^^^^^^^^^^^^^^^^^^^^^^^^^^^^^                                                                     
           File "/home/kb5213/.conda/envs/llvm-build/lib/python3.11/site-packages/agno/tools/decorator.py", line 173, in sync_wrapper                                      
             return func(*args, **kwargs)                                                                                                                                  
                    ^^^^^^^^^^^^^^^^^^^^^                                                                                                                                  
           File "/scratch/kb5213/workspace/MLIR-RL/llm_action/src/tools/transformation.py", line 72, in transform_code                                                     
             transformed_code = run_transform_code(code, transformation_code)                                                                                              
                                ^^^^^^^^^^^^^^^^^^^^^^^^^^^^^^^^^^^^^^^^^^^^^                                                                                              
           File "/scratch/kb5213/workspace/MLIR-RL/llm_action/src/utils/transformation.py", line 137, in run_transform_code                                                
             return BindingsProcess.call(transform_bind_call, timeout=timeout)                                                                                             
                    ^^^^^^^^^^^^^^^^^^^^^^^^^^^^^^^^^^^^^^^^^^^^^^^^^^^^^^^^^^                                                                                             
           File "/scratch/kb5213/workspace/MLIR-RL/utils/bindings_process.py", line 12, in call                                                                            
             return func(*args)                                                                                                                                            
                    ^^^^^^^^^^^                                                                                                                                            
           File "/scratch/kb5213/workspace/MLIR-RL/llm_action/src/utils/transformation.py", line 132, in transform_bind_call                                               
             t_module = Module.parse(transform_code)                                                                                                                       
                        ^^^^^^^^^^^^^^^^^^^^^^^^^^^^                                                                                                                       
         mlir._mlir_libs._site_initialize.<locals>.MLIRError: Unable to parse module assembly:                                                                             
         error: "-":4:96: expected '->' in function type                                                                                                                   
ERROR    Error in tool 'transform_code': MLIRError('Unable to parse module assembly', [<mlir._mlir_libs._mlir.ir.DiagnosticInfo object at 0x155532efe0b0>])                
         Traceback (most recent call last):                                                                                                                                
           File "/home/kb5213/.conda/envs/llvm-build/lib/python3.11/site-packages/agno/tools/decorator.py", line 173, in sync_wrapper                                      
             return func(*args, **kwargs)                                                                                                                                  
                    ^^^^^^^^^^^^^^^^^^^^^                                                                                                                                  
           File "/scratch/kb5213/workspace/MLIR-RL/llm_action/src/tools/transformation.py", line 72, in transform_code                                                     
             transformed_code = run_transform_code(code, transformation_code)                                                                                              
                                ^^^^^^^^^^^^^^^^^^^^^^^^^^^^^^^^^^^^^^^^^^^^^                                                                                              
           File "/scratch/kb5213/workspace/MLIR-RL/llm_action/src/utils/transformation.py", line 137, in run_transform_code                                                
             return BindingsProcess.call(transform_bind_call, timeout=timeout)                                                                                             
                    ^^^^^^^^^^^^^^^^^^^^^^^^^^^^^^^^^^^^^^^^^^^^^^^^^^^^^^^^^^                                                                                             
           File "/scratch/kb5213/workspace/MLIR-RL/utils/bindings_process.py", line 12, in call                                                                            
             return func(*args)                                                                                                                                            
                    ^^^^^^^^^^^                                                                                                                                            
           File "/scratch/kb5213/workspace/MLIR-RL/llm_action/src/utils/transformation.py", line 132, in transform_bind_call                                               
             t_module = Module.parse(transform_code)                                                                                                                       
                        ^^^^^^^^^^^^^^^^^^^^^^^^^^^^                                                                                                                       
         mlir._mlir_libs._site_initialize.<locals>.MLIRError: Unable to parse module assembly:                                                                             
         error: "-":4:96: expected '->' in function type                                                                                                                   
WARNING  Could not run function transform_code(code=..., transformation_code=...)                                                                                          
ERROR    Unable to parse module assembly:                                                                                                                                  
         error: "-":4:96: expected '->' in function type                                                                                                                   
         Traceback (most recent call last):                                                                                                                                
           File "/home/kb5213/.conda/envs/llvm-build/lib/python3.11/site-packages/agno/tools/function.py", line 917, in execute                                            
             result = self.function.entrypoint(**entrypoint_args, **self.arguments)  # type: ignore                                                                        
                      ^^^^^^^^^^^^^^^^^^^^^^^^^^^^^^^^^^^^^^^^^^^^^^^^^^^^^^^^^^^^^                                                                                        
           File "/home/kb5213/.conda/envs/llvm-build/lib/python3.11/site-packages/pydantic/_internal/_validate_call.py", line 39, in wrapper_function                      
             return wrapper(*args, **kwargs)                                                                                                                               
                    ^^^^^^^^^^^^^^^^^^^^^^^^                                                                                                                               
           File "/home/kb5213/.conda/envs/llvm-build/lib/python3.11/site-packages/pydantic/_internal/_validate_call.py", line 136, in __call__                             
             res = self.__pydantic_validator__.validate_python(pydantic_core.ArgsKwargs(args, kwargs))                                                                     
                   ^^^^^^^^^^^^^^^^^^^^^^^^^^^^^^^^^^^^^^^^^^^^^^^^^^^^^^^^^^^^^^^^^^^^^^^^^^^^^^^^^^^                                                                     
           File "/home/kb5213/.conda/envs/llvm-build/lib/python3.11/site-packages/agno/tools/decorator.py", line 173, in sync_wrapper                                      
             return func(*args, **kwargs)                                                                                                                                  
                    ^^^^^^^^^^^^^^^^^^^^^                                                                                                                                  
           File "/scratch/kb5213/workspace/MLIR-RL/llm_action/src/tools/transformation.py", line 72, in transform_code                                                     
             transformed_code = run_transform_code(code, transformation_code)                                                                                              
                                ^^^^^^^^^^^^^^^^^^^^^^^^^^^^^^^^^^^^^^^^^^^^^                                                                                              
           File "/scratch/kb5213/workspace/MLIR-RL/llm_action/src/utils/transformation.py", line 137, in run_transform_code                                                
             return BindingsProcess.call(transform_bind_call, timeout=timeout)                                                                                             
                    ^^^^^^^^^^^^^^^^^^^^^^^^^^^^^^^^^^^^^^^^^^^^^^^^^^^^^^^^^^                                                                                             
           File "/scratch/kb5213/workspace/MLIR-RL/utils/bindings_process.py", line 12, in call                                                                            
             return func(*args)                                                                                                                                            
                    ^^^^^^^^^^^                                                                                                                                            
           File "/scratch/kb5213/workspace/MLIR-RL/llm_action/src/utils/transformation.py", line 132, in transform_bind_call                                               
             t_module = Module.parse(transform_code)                                                                                                                       
                        ^^^^^^^^^^^^^^^^^^^^^^^^^^^^                                                                                                                       
         mlir._mlir_libs._site_initialize.<locals>.MLIRError: Unable to parse module assembly:                                                                             
         error: "-":4:96: expected '->' in function type                                                                                                                   
ERROR    Error in tool 'transform_code': ValueError('Failed to apply named transform sequence.\nDiagnostic message at loc("-":5:21): "iterator_interchange" has length (5) 
         different from the number of loops in the target operation (7)')                                                                                                  
         Traceback (most recent call last):                                                                                                                                
           File "/home/kb5213/.conda/envs/llvm-build/lib/python3.11/site-packages/agno/tools/decorator.py", line 173, in sync_wrapper                                      
             return func(*args, **kwargs)                                                                                                                                  
                    ^^^^^^^^^^^^^^^^^^^^^                                                                                                                                  
           File "/scratch/kb5213/workspace/MLIR-RL/llm_action/src/tools/transformation.py", line 72, in transform_code                                                     
             transformed_code = run_transform_code(code, transformation_code)                                                                                              
                                ^^^^^^^^^^^^^^^^^^^^^^^^^^^^^^^^^^^^^^^^^^^^^                                                                                              
           File "/scratch/kb5213/workspace/MLIR-RL/llm_action/src/utils/transformation.py", line 137, in run_transform_code                                                
             return BindingsProcess.call(transform_bind_call, timeout=timeout)                                                                                             
                    ^^^^^^^^^^^^^^^^^^^^^^^^^^^^^^^^^^^^^^^^^^^^^^^^^^^^^^^^^^                                                                                             
           File "/scratch/kb5213/workspace/MLIR-RL/utils/bindings_process.py", line 12, in call                                                                            
             return func(*args)                                                                                                                                            
                    ^^^^^^^^^^^                                                                                                                                            
           File "/scratch/kb5213/workspace/MLIR-RL/llm_action/src/utils/transformation.py", line 133, in transform_bind_call                                               
             interpreter.apply_named_sequence(module, t_module.body.operations[0], t_module)                                                                               
           File "/scratch/kb5213/resources/llvm-project/build/tools/mlir/python_packages/mlir_core/mlir/dialects/transform/interpreter/__init__.py", line 30, in           
         apply_named_sequence                                                                                                                                              
             _cextTransformInterpreter.apply_named_sequence(*args)                                                                                                         
         ValueError: Failed to apply named transform sequence.                                                                                                             
         Diagnostic message at loc("-":5:21): "iterator_interchange" has length (5) different from the number of loops in the target operation (7)                         
WARNING  Could not run function transform_code(code=..., transformation_code=...)                                                                                          
ERROR    Failed to apply named transform sequence.                                                                                                                         
         Diagnostic message at loc("-":5:21): "iterator_interchange" has length (5) different from the number of loops in the target operation (7)                         
         Traceback (most recent call last):                                                                                                                                
           File "/home/kb5213/.conda/envs/llvm-build/lib/python3.11/site-packages/agno/tools/function.py", line 917, in execute                                            
             result = self.function.entrypoint(**entrypoint_args, **self.arguments)  # type: ignore                                                                        
                      ^^^^^^^^^^^^^^^^^^^^^^^^^^^^^^^^^^^^^^^^^^^^^^^^^^^^^^^^^^^^^                                                                                        
           File "/home/kb5213/.conda/envs/llvm-build/lib/python3.11/site-packages/pydantic/_internal/_validate_call.py", line 39, in wrapper_function                      
             return wrapper(*args, **kwargs)                                                                                                                               
                    ^^^^^^^^^^^^^^^^^^^^^^^^                                                                                                                               
           File "/home/kb5213/.conda/envs/llvm-build/lib/python3.11/site-packages/pydantic/_internal/_validate_call.py", line 136, in __call__                             
             res = self.__pydantic_validator__.validate_python(pydantic_core.ArgsKwargs(args, kwargs))                                                                     
                   ^^^^^^^^^^^^^^^^^^^^^^^^^^^^^^^^^^^^^^^^^^^^^^^^^^^^^^^^^^^^^^^^^^^^^^^^^^^^^^^^^^^                                                                     
           File "/home/kb5213/.conda/envs/llvm-build/lib/python3.11/site-packages/agno/tools/decorator.py", line 173, in sync_wrapper                                      
             return func(*args, **kwargs)                                                                                                                                  
                    ^^^^^^^^^^^^^^^^^^^^^                                                                                                                                  
           File "/scratch/kb5213/workspace/MLIR-RL/llm_action/src/tools/transformation.py", line 72, in transform_code                                                     
             transformed_code = run_transform_code(code, transformation_code)                                                                                              
                                ^^^^^^^^^^^^^^^^^^^^^^^^^^^^^^^^^^^^^^^^^^^^^                                                                                              
           File "/scratch/kb5213/workspace/MLIR-RL/llm_action/src/utils/transformation.py", line 137, in run_transform_code                                                
             return BindingsProcess.call(transform_bind_call, timeout=timeout)                                                                                             
                    ^^^^^^^^^^^^^^^^^^^^^^^^^^^^^^^^^^^^^^^^^^^^^^^^^^^^^^^^^^                                                                                             
           File "/scratch/kb5213/workspace/MLIR-RL/utils/bindings_process.py", line 12, in call                                                                            
             return func(*args)                                                                                                                                            
                    ^^^^^^^^^^^                                                                                                                                            
           File "/scratch/kb5213/workspace/MLIR-RL/llm_action/src/utils/transformation.py", line 133, in transform_bind_call                                               
             interpreter.apply_named_sequence(module, t_module.body.operations[0], t_module)                                                                               
           File "/scratch/kb5213/resources/llvm-project/build/tools/mlir/python_packages/mlir_core/mlir/dialects/transform/interpreter/__init__.py", line 30, in           
         apply_named_sequence                                                                                                                                              
             _cextTransformInterpreter.apply_named_sequence(*args)                                                                                                         
         ValueError: Failed to apply named transform sequence.                                                                                                             
         Diagnostic message at loc("-":5:21): "iterator_interchange" has length (5) different from the number of loops in the target operation (7)                         
